{"max_length": 20, "metrics": {"accuracy": 0.9306666851043701, "confusion_matrix": [[228, 12], [14, 121]], "classification_report": {"0": {"precision": 0.9421487603305785, "recall": 0.95, "f1-score": 0.946058091286307, "support": 240.0}, "1": {"precision": 0.9097744360902256, "recall": 0.8962962962962963, "f1-score": 0.9029850746268657, "support": 135.0}, "accuracy": 0.9306666666666666, "macro avg": {"precision": 0.925961598210402, "recall": 0.923148148148148, "f1-score": 0.9245215829565864, "support": 375.0}, "weighted avg": {"precision": 0.9304940036040514, "recall": 0.9306666666666666, "f1-score": 0.9305518052889081, "support": 375.0}}}, "config": {"vocab_size": 22122, "classes": ["ham", "spam"]}}